scenario,time_step,total_prod,scaling
URU,0,114663288619.83875,0.1410739234388335
URU,1,36044446410.121254,0.45371583222340245
URU,2,,1.0
URU,3,,1.0
URU,4,,1.0
URU,5,,1.0
URU,6,,1.0
URU,7,,1.0
URU,8,,1.0
URU,9,,1.0
