area,item,amount [t],absolute_losses [t],relative_losses,al/capita [kg]
Russian Federation,"Oranges, Mandarines",1642134.332848215,-156071.5115828847,-0.10502349520459386,-1.0707308655149241
Eswatini,Wheat and products,74461.69895072555,-5801.138575489749,-0.0844901140303258,-4.940410395555312
Malta,Wheat and products,64426.05679814332,-19451.88168122204,-0.43251225021141915,-38.17125694173224
