area,item,amount [t],absolute_losses [t],relative_losses,al/capita [kg]
Uruguay,Rice and products,621885.8358113503,25563.764515334624,0.03948379071117791,7.456751381479068
Uruguay,Maize and products,789753.012188032,15960.47008645907,0.01980911383213224,4.655545050685628
Panama,Rice and products,400964.0424027481,7867.472042636247,0.01924380035455231,1.8444253712802778
Peru,Rice and products,3538228.920803128,41622.81426420249,0.01162696595964463,1.2578561742707017
